ITEM_ID,INVOICE_NUM,AWS_SERVICE,RESOURCE_TYPE,USAGE_AMOUNT,UNIT_PRICE,LINE_TOTAL,AWS_ACCOUNT
BI-001,INV-2024-001,EC2,t3.xlarge instances,1440,0.1664,239.62,123456789012
BI-002,INV-2024-001,S3,Standard Storage,15000,0.023,345.00,123456789012
BI-003,INV-2024-002,RDS,db.r5.large,720,0.24,172.80,987654321098
BI-004,INV-2024-003,Lambda,Function Invocations,25000000,0.0000002,5.00,123456789012
BI-005,INV-2024-003,EKS,Cluster Hours,720,0.10,72.00,987654321098
BI-006,INV-2024-004,CloudFront,Data Transfer,5000,0.085,425.00,123456789012
BI-007,INV-2024-005,SageMaker,Training Hours,120,4.90,588.00,987654321098
BI-008,INV-2024-006,Redshift,dc2.large nodes,720,0.25,180.00,123456789012
